invoice_id,billed_amount,expected_revenue_baseline,leakage_baseline,anomaly_score_min,max_rules_triggered,any_contract_violation,any_discount_violation,any_usage_underbilled,any_price_norm_violation,validated_leakage,top_shap_features,top_shap_impacts,rule_violations,explanation_text
INV1161,1664.79,1694.1347,29.344700000000103,-0.0769450731414643,2.0,False,False,True,True,True,unit_price|quantity|unit_price_vs_cust_avg|discount_pct|usage_ratio,-1018.022095|657.067505|-200.035446|-125.150925|47.942593,"usage underbilled, price vs norms violation","Invoice INV1161 appears underbilled by ~$29.34 versus the model baseline (billed $1,664.79 vs expected $1,694.13). Validation signals: usage underbilled, price vs norms violation. Primary model drivers: unit_price (decreased expected charge); quantity (increased expected charge); unit_price_vs_cust_avg (decreased expected charge); discount_pct (decreased expected charge); usage_ratio (increased expected charge). Recommended action: verify contract rate/discount application and re-rate usage for this invoice if confirmed."
INV434,747.14,773.9022,26.762200000000007,-0.0229108718726349,2.0,False,False,True,True,True,unit_price|quantity|unit_price_vs_cust_avg|discount_pct|usage_gap,-705.893250|-551.886475|-173.176147|-92.996056|-53.195843,"usage underbilled, price vs norms violation","Invoice INV434 appears underbilled by ~$26.76 versus the model baseline (billed $747.14 vs expected $773.90). Validation signals: usage underbilled, price vs norms violation. Primary model drivers: unit_price (decreased expected charge); quantity (decreased expected charge); unit_price_vs_cust_avg (decreased expected charge); discount_pct (decreased expected charge); usage_gap (decreased expected charge). Recommended action: verify contract rate/discount application and re-rate usage for this invoice if confirmed."
INV714,1301.69,1326.1281857142858,24.438185714285737,-0.023599814361787,2.0,False,False,True,True,True,unit_price|unit_price_vs_cust_avg|quantity|discount_pct|cust_avg_unit_price,-880.124146|-166.482132|85.036850|-47.125858|-24.820267,"usage underbilled, price vs norms violation","Invoice INV714 appears underbilled by ~$24.44 versus the model baseline (billed $1,301.69 vs expected $1,326.13). Validation signals: usage underbilled, price vs norms violation. Primary model drivers: unit_price (decreased expected charge); unit_price_vs_cust_avg (decreased expected charge); quantity (increased expected charge); discount_pct (decreased expected charge); cust_avg_unit_price (decreased expected charge). Recommended action: verify contract rate/discount application and re-rate usage for this invoice if confirmed."
INV1979,565.5,588.5447624999999,23.044762499999933,-0.0242506815996832,2.0,False,False,True,True,True,quantity|unit_price|usage_ratio|unit_price_vs_cust_avg|cust_avg_unit_price,-729.056152|-696.868774|-217.559143|-155.509430|32.693314,"usage underbilled, price vs norms violation","Invoice INV1979 appears underbilled by ~$23.04 versus the model baseline (billed $565.50 vs expected $588.54). Validation signals: usage underbilled, price vs norms violation. Primary model drivers: quantity (decreased expected charge); unit_price (decreased expected charge); usage_ratio (decreased expected charge); unit_price_vs_cust_avg (decreased expected charge); cust_avg_unit_price (increased expected charge). Recommended action: verify contract rate/discount application and re-rate usage for this invoice if confirmed."
INV2608,864.37,878.337858,13.967857999999978,-0.0262494423059315,2.0,False,False,True,True,True,unit_price|quantity|unit_price_vs_cust_avg|usage_ratio|cust_avg_unit_price,-773.872498|-477.894684|-184.675995|-89.698395|27.350368,"usage underbilled, price vs norms violation","Invoice INV2608 appears underbilled by ~$13.97 versus the model baseline (billed $864.37 vs expected $878.34). Validation signals: usage underbilled, price vs norms violation. Primary model drivers: unit_price (decreased expected charge); quantity (decreased expected charge); unit_price_vs_cust_avg (decreased expected charge); usage_ratio (decreased expected charge); cust_avg_unit_price (increased expected charge). Recommended action: verify contract rate/discount application and re-rate usage for this invoice if confirmed."
INV1466,744.77,758.60635,13.83635000000004,-0.035157734513051,2.0,False,False,True,True,True,unit_price|quantity|unit_price_vs_cust_avg|discount_pct|usage_ratio,-711.851685|-535.099121|-154.207962|-95.735626|-88.141647,"usage underbilled, price vs norms violation","Invoice INV1466 appears underbilled by ~$13.84 versus the model baseline (billed $744.77 vs expected $758.61). Validation signals: usage underbilled, price vs norms violation. Primary model drivers: unit_price (decreased expected charge); quantity (decreased expected charge); unit_price_vs_cust_avg (decreased expected charge); discount_pct (decreased expected charge); usage_ratio (decreased expected charge). Recommended action: verify contract rate/discount application and re-rate usage for this invoice if confirmed."
INV1615,806.83,820.6567325,13.826732499999936,-0.0233112333189245,2.0,False,False,True,True,True,unit_price|quantity|unit_price_vs_cust_avg|discount_pct|usage_ratio,-728.978088|-468.106537|-157.236435|-97.356537|-65.082642,"usage underbilled, price vs norms violation","Invoice INV1615 appears underbilled by ~$13.83 versus the model baseline (billed $806.83 vs expected $820.66). Validation signals: usage underbilled, price vs norms violation. Primary model drivers: unit_price (decreased expected charge); quantity (decreased expected charge); unit_price_vs_cust_avg (decreased expected charge); discount_pct (decreased expected charge); usage_ratio (decreased expected charge). Recommended action: verify contract rate/discount application and re-rate usage for this invoice if confirmed."
INV1756,1071.96,1085.192725,13.232724999999846,-0.0333546382416769,2.0,False,False,True,True,True,unit_price|quantity|unit_price_vs_cust_avg|discount_pct|cust_avg_unit_price,-1227.379761|206.263657|-198.027618|-36.337959|-33.832317,"usage underbilled, price vs norms violation","Invoice INV1756 appears underbilled by ~$13.23 versus the model baseline (billed $1,071.96 vs expected $1,085.19). Validation signals: usage underbilled, price vs norms violation. Primary model drivers: unit_price (decreased expected charge); quantity (increased expected charge); unit_price_vs_cust_avg (decreased expected charge); discount_pct (decreased expected charge); cust_avg_unit_price (decreased expected charge). Recommended action: verify contract rate/discount application and re-rate usage for this invoice if confirmed."
INV1149,1159.23,1170.6603714285716,11.43037142857156,-0.0313739545806006,2.0,False,False,True,True,True,unit_price|discount_pct|unit_price_vs_cust_avg|quantity|usage_ratio,-905.947571|-192.228516|-143.888687|73.329330|56.726414,"usage underbilled, price vs norms violation","Invoice INV1149 appears underbilled by ~$11.43 versus the model baseline (billed $1,159.23 vs expected $1,170.66). Validation signals: usage underbilled, price vs norms violation. Primary model drivers: unit_price (decreased expected charge); discount_pct (decreased expected charge); unit_price_vs_cust_avg (decreased expected charge); quantity (increased expected charge); usage_ratio (increased expected charge). Recommended action: verify contract rate/discount application and re-rate usage for this invoice if confirmed."
INV2304,2348.8,2358.9286,10.128600000000006,-0.0420179750813318,2.0,False,False,True,True,True,quantity|unit_price|unit_price_vs_cust_avg|usage_ratio|usage_gap,1115.354370|-1010.420471|-219.594727|65.927116|40.350380,"usage underbilled, price vs norms violation","Invoice INV2304 appears underbilled by ~$10.13 versus the model baseline (billed $2,348.80 vs expected $2,358.93). Validation signals: usage underbilled, price vs norms violation. Primary model drivers: quantity (increased expected charge); unit_price (decreased expected charge); unit_price_vs_cust_avg (decreased expected charge); usage_ratio (increased expected charge); usage_gap (increased expected charge). Recommended action: verify contract rate/discount application and re-rate usage for this invoice if confirmed."
INV2285,722.23,732.1331744444444,9.903174444444405,-0.0429191132916874,2.0,False,False,True,True,True,quantity|unit_price|usage_ratio|unit_price_vs_cust_avg|discount_pct,-902.337097|-352.687042|-254.986633|-77.791153|-29.870365,"usage underbilled, price vs norms violation","Invoice INV2285 appears underbilled by ~$9.90 versus the model baseline (billed $722.23 vs expected $732.13). Validation signals: usage underbilled, price vs norms violation. Primary model drivers: quantity (decreased expected charge); unit_price (decreased expected charge); usage_ratio (decreased expected charge); unit_price_vs_cust_avg (decreased expected charge); discount_pct (decreased expected charge). Recommended action: verify contract rate/discount application and re-rate usage for this invoice if confirmed."
INV1032,1820.01,1829.8557499999995,9.845749999999724,-0.0286892085188439,2.0,False,False,True,True,True,unit_price|quantity|unit_price_vs_cust_avg|cust_avg_unit_price|usage_ratio,-1288.337646|929.179321|-188.113007|-73.215530|51.054710,"usage underbilled, price vs norms violation","Invoice INV1032 appears underbilled by ~$9.85 versus the model baseline (billed $1,820.01 vs expected $1,829.86). Validation signals: usage underbilled, price vs norms violation. Primary model drivers: unit_price (decreased expected charge); quantity (increased expected charge); unit_price_vs_cust_avg (decreased expected charge); cust_avg_unit_price (decreased expected charge); usage_ratio (increased expected charge). Recommended action: verify contract rate/discount application and re-rate usage for this invoice if confirmed."
INV599,536.08,542.6512309090908,6.5712309090907866,-0.0360203128297984,2.0,False,False,True,True,True,unit_price|quantity|unit_price_vs_cust_avg|usage_ratio|discount_pct,-893.312073|-553.737305|-170.683456|-140.299789|-43.165504,"usage underbilled, price vs norms violation","Invoice INV599 appears underbilled by ~$6.57 versus the model baseline (billed $536.08 vs expected $542.65). Validation signals: usage underbilled, price vs norms violation. Primary model drivers: unit_price (decreased expected charge); quantity (decreased expected charge); unit_price_vs_cust_avg (decreased expected charge); usage_ratio (decreased expected charge); discount_pct (decreased expected charge). Recommended action: verify contract rate/discount application and re-rate usage for this invoice if confirmed."
INV1593,438.61,445.1249863636364,6.514986363636353,-0.0541326248254011,2.0,False,False,True,True,True,unit_price|quantity|usage_ratio|unit_price_vs_cust_avg|discount_pct,-839.743896|-680.865845|-192.166748|-160.921997|-34.878231,"usage underbilled, price vs norms violation","Invoice INV1593 appears underbilled by ~$6.51 versus the model baseline (billed $438.61 vs expected $445.12). Validation signals: usage underbilled, price vs norms violation. Primary model drivers: unit_price (decreased expected charge); quantity (decreased expected charge); usage_ratio (decreased expected charge); unit_price_vs_cust_avg (decreased expected charge); discount_pct (decreased expected charge). Recommended action: verify contract rate/discount application and re-rate usage for this invoice if confirmed."
INV452,2378.23,2384.2383125,6.008312500000102,-0.0419993734860574,2.0,False,False,True,True,True,quantity|unit_price|unit_price_vs_cust_avg|discount_pct|usage_ratio,867.128662|-647.693115|-166.535110|-138.502655|68.355598,"usage underbilled, price vs norms violation","Invoice INV452 appears underbilled by ~$6.01 versus the model baseline (billed $2,378.23 vs expected $2,384.24). Validation signals: usage underbilled, price vs norms violation. Primary model drivers: quantity (increased expected charge); unit_price (decreased expected charge); unit_price_vs_cust_avg (decreased expected charge); discount_pct (decreased expected charge); usage_ratio (increased expected charge). Recommended action: verify contract rate/discount application and re-rate usage for this invoice if confirmed."
INV1063,1364.31,1369.3771375,5.067137500000172,-0.0851384447467679,2.0,False,False,True,True,True,unit_price|quantity|unit_price_vs_cust_avg|cust_avg_unit_price|usage_ratio,-1381.125854|643.905029|-239.577072|-49.047161|39.536350,"usage underbilled, price vs norms violation","Invoice INV1063 appears underbilled by ~$5.07 versus the model baseline (billed $1,364.31 vs expected $1,369.38). Validation signals: usage underbilled, price vs norms violation. Primary model drivers: unit_price (decreased expected charge); quantity (increased expected charge); unit_price_vs_cust_avg (decreased expected charge); cust_avg_unit_price (decreased expected charge); usage_ratio (increased expected charge). Recommended action: verify contract rate/discount application and re-rate usage for this invoice if confirmed."
INV1711,2013.75,2018.3591875,4.609187499999962,-0.025548458845307,2.0,False,False,True,True,True,unit_price|quantity|discount_pct|unit_price_vs_cust_avg|usage_ratio,-628.205200|564.121582|-207.096786|-145.822708|62.712646,"usage underbilled, price vs norms violation","Invoice INV1711 appears underbilled by ~$4.61 versus the model baseline (billed $2,013.75 vs expected $2,018.36). Validation signals: usage underbilled, price vs norms violation. Primary model drivers: unit_price (decreased expected charge); quantity (increased expected charge); discount_pct (decreased expected charge); unit_price_vs_cust_avg (decreased expected charge); usage_ratio (increased expected charge). Recommended action: verify contract rate/discount application and re-rate usage for this invoice if confirmed."
INV2425,974.7,979.2583363636364,4.558336363636386,-0.0272573441766745,2.0,False,False,True,True,True,unit_price|unit_price_vs_cust_avg|quantity|usage_ratio|discount_pct,-1174.785522|-220.526413|60.107468|39.826176|-38.420948,"usage underbilled, price vs norms violation","Invoice INV2425 appears underbilled by ~$4.56 versus the model baseline (billed $974.70 vs expected $979.26). Validation signals: usage underbilled, price vs norms violation. Primary model drivers: unit_price (decreased expected charge); unit_price_vs_cust_avg (decreased expected charge); quantity (increased expected charge); usage_ratio (increased expected charge); discount_pct (decreased expected charge). Recommended action: verify contract rate/discount application and re-rate usage for this invoice if confirmed."
INV1208,1039.36,1043.85394375,4.493943749999971,-0.0259143502138206,2.0,False,False,True,True,True,quantity|unit_price|discount_pct|unit_price_vs_cust_avg|usage_ratio,-526.576965|-453.255524|-154.583160|-71.941246|-48.442890,"usage underbilled, price vs norms violation","Invoice INV1208 appears underbilled by ~$4.49 versus the model baseline (billed $1,039.36 vs expected $1,043.85). Validation signals: usage underbilled, price vs norms violation. Primary model drivers: quantity (decreased expected charge); unit_price (decreased expected charge); discount_pct (decreased expected charge); unit_price_vs_cust_avg (decreased expected charge); usage_ratio (decreased expected charge). Recommended action: verify contract rate/discount application and re-rate usage for this invoice if confirmed."
INV1360,372.82,377.20548,4.38548000000003,-0.0430171134742266,2.0,False,False,True,True,True,unit_price|quantity|usage_ratio|unit_price_vs_cust_avg|discount_pct,-800.253723|-739.035339|-213.694397|-158.962387|-79.269661,"usage underbilled, price vs norms violation","Invoice INV1360 appears underbilled by ~$4.39 versus the model baseline (billed $372.82 vs expected $377.21). Validation signals: usage underbilled, price vs norms violation. Primary model drivers: unit_price (decreased expected charge); quantity (decreased expected charge); usage_ratio (decreased expected charge); unit_price_vs_cust_avg (decreased expected charge); discount_pct (decreased expected charge). Recommended action: verify contract rate/discount application and re-rate usage for this invoice if confirmed."
INV861,378.19,381.097034,2.90703400000001,-0.04763566073792,2.0,False,False,True,True,True,quantity|unit_price|usage_ratio|unit_price_vs_cust_avg|usage_gap,-938.063599|-621.598328|-266.428802|-133.220490|28.298513,"usage underbilled, price vs norms violation","Invoice INV861 appears underbilled by ~$2.91 versus the model baseline (billed $378.19 vs expected $381.10). Validation signals: usage underbilled, price vs norms violation. Primary model drivers: quantity (decreased expected charge); unit_price (decreased expected charge); usage_ratio (decreased expected charge); unit_price_vs_cust_avg (decreased expected charge); usage_gap (increased expected charge). Recommended action: verify contract rate/discount application and re-rate usage for this invoice if confirmed."
INV2649,985.35,987.5055571428572,2.1555571428572193,-0.0291170624083776,2.0,False,False,True,True,True,unit_price|quantity|discount_pct|unit_price_vs_cust_avg|usage_gap,-854.965637|-177.833633|-162.729279|-135.612823|-45.224506,"usage underbilled, price vs norms violation","Invoice INV2649 appears underbilled by ~$2.16 versus the model baseline (billed $985.35 vs expected $987.51). Validation signals: usage underbilled, price vs norms violation. Primary model drivers: unit_price (decreased expected charge); quantity (decreased expected charge); discount_pct (decreased expected charge); unit_price_vs_cust_avg (decreased expected charge); usage_gap (decreased expected charge). Recommended action: verify contract rate/discount application and re-rate usage for this invoice if confirmed."
INV2727,1215.0,1217.1489111111111,2.148911111111147,-0.0458752418326179,2.0,False,False,True,True,True,unit_price|quantity|unit_price_vs_cust_avg|discount_pct|usage_ratio,-1248.855591|425.203064|-205.653381|-126.881920|53.173214,"usage underbilled, price vs norms violation","Invoice INV2727 appears underbilled by ~$2.15 versus the model baseline (billed $1,215.00 vs expected $1,217.15). Validation signals: usage underbilled, price vs norms violation. Primary model drivers: unit_price (decreased expected charge); quantity (increased expected charge); unit_price_vs_cust_avg (decreased expected charge); discount_pct (decreased expected charge); usage_ratio (increased expected charge). Recommended action: verify contract rate/discount application and re-rate usage for this invoice if confirmed."
INV2603,361.66,363.19240375,1.5324037499999577,-0.0361791646361372,2.0,False,False,True,True,True,quantity|unit_price|usage_ratio|unit_price_vs_cust_avg|usage_gap,-921.923828|-641.300354|-268.897827|-142.280273|30.516941,"usage underbilled, price vs norms violation","Invoice INV2603 appears underbilled by ~$1.53 versus the model baseline (billed $361.66 vs expected $363.19). Validation signals: usage underbilled, price vs norms violation. Primary model drivers: quantity (decreased expected charge); unit_price (decreased expected charge); usage_ratio (decreased expected charge); unit_price_vs_cust_avg (decreased expected charge); usage_gap (increased expected charge). Recommended action: verify contract rate/discount application and re-rate usage for this invoice if confirmed."
INV2806,383.32,384.50756125,1.1875612499999877,-0.029244176768696,2.0,False,False,True,True,True,quantity|unit_price|usage_ratio|unit_price_vs_cust_avg|usage_gap,-844.168457|-768.592163|-229.953857|-157.727966|28.130867,"usage underbilled, price vs norms violation","Invoice INV2806 appears underbilled by ~$1.19 versus the model baseline (billed $383.32 vs expected $384.51). Validation signals: usage underbilled, price vs norms violation. Primary model drivers: quantity (decreased expected charge); unit_price (decreased expected charge); usage_ratio (decreased expected charge); unit_price_vs_cust_avg (decreased expected charge); usage_gap (increased expected charge). Recommended action: verify contract rate/discount application and re-rate usage for this invoice if confirmed."
INV2500,587.56,588.43223375,0.8722337500000776,-0.0292175337405702,2.0,False,False,True,True,True,unit_price|quantity|unit_price_vs_cust_avg|usage_ratio|discount_pct,-928.649719|-512.570496|-183.449219|-87.476295|-30.969757,"usage underbilled, price vs norms violation","Invoice INV2500 appears underbilled by ~$0.87 versus the model baseline (billed $587.56 vs expected $588.43). Validation signals: usage underbilled, price vs norms violation. Primary model drivers: unit_price (decreased expected charge); quantity (decreased expected charge); unit_price_vs_cust_avg (decreased expected charge); usage_ratio (decreased expected charge); discount_pct (decreased expected charge). Recommended action: verify contract rate/discount application and re-rate usage for this invoice if confirmed."
INV2367,1165.05,1165.7271833333334,0.6771833333334598,-0.0236857788453884,2.0,False,False,True,True,True,unit_price|quantity|unit_price_vs_cust_avg|discount_pct|usage_ratio,-1281.277466|422.404785|-229.641983|-129.132980|40.673203,"usage underbilled, price vs norms violation","Invoice INV2367 appears underbilled by ~$0.68 versus the model baseline (billed $1,165.05 vs expected $1,165.73). Validation signals: usage underbilled, price vs norms violation. Primary model drivers: unit_price (decreased expected charge); quantity (increased expected charge); unit_price_vs_cust_avg (decreased expected charge); discount_pct (decreased expected charge); usage_ratio (increased expected charge). Recommended action: verify contract rate/discount application and re-rate usage for this invoice if confirmed."
INV1525,712.5,713.07474,0.5747400000000198,-0.0511784056977315,2.0,False,False,True,True,True,unit_price|quantity|unit_price_vs_cust_avg|discount_pct|usage_ratio,-1037.222534|-227.626587|-188.824127|-153.541702|-19.454617,"usage underbilled, price vs norms violation","Invoice INV1525 appears underbilled by ~$0.57 versus the model baseline (billed $712.50 vs expected $713.07). Validation signals: usage underbilled, price vs norms violation. Primary model drivers: unit_price (decreased expected charge); quantity (decreased expected charge); unit_price_vs_cust_avg (decreased expected charge); discount_pct (decreased expected charge); usage_ratio (decreased expected charge). Recommended action: verify contract rate/discount application and re-rate usage for this invoice if confirmed."
INV2866,1627.49,1627.649775,0.1597749999998541,-0.0353816397505548,2.0,False,False,True,True,True,unit_price|quantity|unit_price_vs_cust_avg|discount_pct|usage_ratio,-1149.079956|633.313904|-238.099182|-45.810139|45.564289,"usage underbilled, price vs norms violation","Invoice INV2866 appears underbilled by ~$0.16 versus the model baseline (billed $1,627.49 vs expected $1,627.65). Validation signals: usage underbilled, price vs norms violation. Primary model drivers: unit_price (decreased expected charge); quantity (increased expected charge); unit_price_vs_cust_avg (decreased expected charge); discount_pct (decreased expected charge); usage_ratio (increased expected charge). Recommended action: verify contract rate/discount application and re-rate usage for this invoice if confirmed."
INV2356,1299.88,1299.95574,0.0757399999997687,-0.0472687243099596,2.0,False,False,True,True,True,unit_price|quantity|unit_price_vs_cust_avg|discount_pct|usage_ratio,-988.800415|302.279724|-215.451736|-204.989136|47.180439,"usage underbilled, price vs norms violation","Invoice INV2356 appears underbilled by ~$0.08 versus the model baseline (billed $1,299.88 vs expected $1,299.96). Validation signals: usage underbilled, price vs norms violation. Primary model drivers: unit_price (decreased expected charge); quantity (increased expected charge); unit_price_vs_cust_avg (decreased expected charge); discount_pct (decreased expected charge); usage_ratio (increased expected charge). Recommended action: verify contract rate/discount application and re-rate usage for this invoice if confirmed."
INV2134,461.61,461.504245,-0.1057550000000446,-0.0673543273192789,2.0,False,False,True,True,True,unit_price|quantity|usage_ratio|unit_price_vs_cust_avg|discount_pct,-868.900757|-614.927673|-160.623108|-140.064575|-85.517105,"usage underbilled, price vs norms violation","Invoice INV2134 appears underbilled by ~$-0.11 versus the model baseline (billed $461.61 vs expected $461.50). Validation signals: usage underbilled, price vs norms violation. Primary model drivers: unit_price (decreased expected charge); quantity (decreased expected charge); usage_ratio (decreased expected charge); unit_price_vs_cust_avg (decreased expected charge); discount_pct (decreased expected charge). Recommended action: verify contract rate/discount application and re-rate usage for this invoice if confirmed."
INV2692,989.97,989.4391714285714,-0.5308285714286285,-0.051127036788371,2.0,False,False,True,True,True,unit_price|quantity|discount_pct|unit_price_vs_cust_avg|cust_avg_unit_price,-829.171753|-187.682526|-158.943573|-144.681503|-17.549799,"usage underbilled, price vs norms violation","Invoice INV2692 appears underbilled by ~$-0.53 versus the model baseline (billed $989.97 vs expected $989.44). Validation signals: usage underbilled, price vs norms violation. Primary model drivers: unit_price (decreased expected charge); quantity (decreased expected charge); discount_pct (decreased expected charge); unit_price_vs_cust_avg (decreased expected charge); cust_avg_unit_price (decreased expected charge). Recommended action: verify contract rate/discount application and re-rate usage for this invoice if confirmed."
INV2947,1128.38,1127.4924875,-0.8875125000001844,-0.0304389529451354,2.0,False,False,True,True,True,unit_price|quantity|unit_price_vs_cust_avg|cust_avg_unit_price|usage_ratio,-1237.432739|210.925766|-204.125992|-38.159389|32.556679,"usage underbilled, price vs norms violation","Invoice INV2947 appears underbilled by ~$-0.89 versus the model baseline (billed $1,128.38 vs expected $1,127.49). Validation signals: usage underbilled, price vs norms violation. Primary model drivers: unit_price (decreased expected charge); quantity (increased expected charge); unit_price_vs_cust_avg (decreased expected charge); cust_avg_unit_price (decreased expected charge); usage_ratio (increased expected charge). Recommended action: verify contract rate/discount application and re-rate usage for this invoice if confirmed."
INV1705,1487.26,1486.1400875,-1.119912500000055,-0.053520299328798,2.0,False,False,True,True,True,unit_price|quantity|unit_price_vs_cust_avg|discount_pct|usage_ratio,-1183.503296|659.589050|-218.289810|-191.695023|46.545998,"usage underbilled, price vs norms violation","Invoice INV1705 appears underbilled by ~$-1.12 versus the model baseline (billed $1,487.26 vs expected $1,486.14). Validation signals: usage underbilled, price vs norms violation. Primary model drivers: unit_price (decreased expected charge); quantity (increased expected charge); unit_price_vs_cust_avg (decreased expected charge); discount_pct (decreased expected charge); usage_ratio (increased expected charge). Recommended action: verify contract rate/discount application and re-rate usage for this invoice if confirmed."
INV1244,550.8,549.6466455555556,-1.1533544444444033,-0.0546748584617758,2.0,False,False,True,True,True,unit_price|quantity|unit_price_vs_cust_avg|discount_pct|usage_ratio,-895.378113|-489.439667|-159.994568|-138.855408|-106.709778,"usage underbilled, price vs norms violation","Invoice INV1244 appears underbilled by ~$-1.15 versus the model baseline (billed $550.80 vs expected $549.65). Validation signals: usage underbilled, price vs norms violation. Primary model drivers: unit_price (decreased expected charge); quantity (decreased expected charge); unit_price_vs_cust_avg (decreased expected charge); discount_pct (decreased expected charge); usage_ratio (decreased expected charge). Recommended action: verify contract rate/discount application and re-rate usage for this invoice if confirmed."
INV2630,1020.6,1018.2766222222222,-2.323377777777864,-0.03504129175727,2.0,False,False,True,True,True,unit_price|unit_price_vs_cust_avg|quantity|discount_pct|usage_ratio,-1153.711914|-202.378235|120.313263|-103.291313|46.001575,"usage underbilled, price vs norms violation","Invoice INV2630 appears underbilled by ~$-2.32 versus the model baseline (billed $1,020.60 vs expected $1,018.28). Validation signals: usage underbilled, price vs norms violation. Primary model drivers: unit_price (decreased expected charge); unit_price_vs_cust_avg (decreased expected charge); quantity (increased expected charge); discount_pct (decreased expected charge); usage_ratio (increased expected charge). Recommended action: verify contract rate/discount application and re-rate usage for this invoice if confirmed."
INV128,991.29,988.9085316666666,-2.3814683333333733,-0.0225775740278229,2.0,False,False,True,True,True,quantity|unit_price|usage_ratio|unit_price_vs_cust_avg|discount_pct,-685.752625|-410.326050|-166.752274|-67.974144|-36.441097,"usage underbilled, price vs norms violation","Invoice INV128 appears underbilled by ~$-2.38 versus the model baseline (billed $991.29 vs expected $988.91). Validation signals: usage underbilled, price vs norms violation. Primary model drivers: quantity (decreased expected charge); unit_price (decreased expected charge); usage_ratio (decreased expected charge); unit_price_vs_cust_avg (decreased expected charge); discount_pct (decreased expected charge). Recommended action: verify contract rate/discount application and re-rate usage for this invoice if confirmed."
INV2390,1140.27,1137.7982,-2.47180000000003,-0.0468384021113704,2.0,False,False,True,True,True,unit_price|quantity|unit_price_vs_cust_avg|discount_pct|usage_ratio,-1249.552734|430.975403|-219.229416|-194.184845|51.326645,"usage underbilled, price vs norms violation","Invoice INV2390 appears underbilled by ~$-2.47 versus the model baseline (billed $1,140.27 vs expected $1,137.80). Validation signals: usage underbilled, price vs norms violation. Primary model drivers: unit_price (decreased expected charge); quantity (increased expected charge); unit_price_vs_cust_avg (decreased expected charge); discount_pct (decreased expected charge); usage_ratio (increased expected charge). Recommended action: verify contract rate/discount application and re-rate usage for this invoice if confirmed."
INV718,861.73,858.2004414285714,-3.5295585714286517,-0.0287512404382096,2.0,False,False,True,True,True,unit_price|unit_price_vs_cust_avg|discount_pct|usage_ratio|quantity,-1165.114380|-218.109146|-172.181046|43.339314|42.991783,"usage underbilled, price vs norms violation","Invoice INV718 appears underbilled by ~$-3.53 versus the model baseline (billed $861.73 vs expected $858.20). Validation signals: usage underbilled, price vs norms violation. Primary model drivers: unit_price (decreased expected charge); unit_price_vs_cust_avg (decreased expected charge); discount_pct (decreased expected charge); usage_ratio (increased expected charge); quantity (increased expected charge). Recommended action: verify contract rate/discount application and re-rate usage for this invoice if confirmed."
INV1594,1541.48,1537.7516714285716,-3.728328571428392,-0.0649592236751308,2.0,False,False,True,True,True,unit_price|quantity|unit_price_vs_cust_avg|discount_pct|usage_ratio,-978.626770|460.209290|-177.560394|-134.509933|48.386463,"usage underbilled, price vs norms violation","Invoice INV1594 appears underbilled by ~$-3.73 versus the model baseline (billed $1,541.48 vs expected $1,537.75). Validation signals: usage underbilled, price vs norms violation. Primary model drivers: unit_price (decreased expected charge); quantity (increased expected charge); unit_price_vs_cust_avg (decreased expected charge); discount_pct (decreased expected charge); usage_ratio (increased expected charge). Recommended action: verify contract rate/discount application and re-rate usage for this invoice if confirmed."
INV1844,861.73,857.3363185714286,-4.393681428571426,-0.0445068094604018,2.0,False,False,True,True,True,unit_price|unit_price_vs_cust_avg|discount_pct|usage_ratio|quantity,-1169.056274|-220.032028|-168.302902|43.067451|38.285503,"usage underbilled, price vs norms violation","Invoice INV1844 appears underbilled by ~$-4.39 versus the model baseline (billed $861.73 vs expected $857.34). Validation signals: usage underbilled, price vs norms violation. Primary model drivers: unit_price (decreased expected charge); unit_price_vs_cust_avg (decreased expected charge); discount_pct (decreased expected charge); usage_ratio (increased expected charge); quantity (increased expected charge). Recommended action: verify contract rate/discount application and re-rate usage for this invoice if confirmed."
INV101,641.32,635.2310562499999,-6.088943750000112,-0.0303601747715384,2.0,False,False,True,True,True,unit_price|quantity|usage_ratio|unit_price_vs_cust_avg|discount_pct,-758.392639|-574.749817|-176.177048|-142.164276|-90.267769,"usage underbilled, price vs norms violation","Invoice INV101 appears underbilled by ~$-6.09 versus the model baseline (billed $641.32 vs expected $635.23). Validation signals: usage underbilled, price vs norms violation. Primary model drivers: unit_price (decreased expected charge); quantity (decreased expected charge); usage_ratio (decreased expected charge); unit_price_vs_cust_avg (decreased expected charge); discount_pct (decreased expected charge). Recommended action: verify contract rate/discount application and re-rate usage for this invoice if confirmed."
INV2861,487.35,480.8478218181818,-6.502178181818238,-0.0469845789643731,2.0,False,False,True,True,True,unit_price|quantity|usage_ratio|unit_price_vs_cust_avg|discount_pct,-873.787720|-623.117554|-165.053711|-162.772018|-43.283062,"usage underbilled, price vs norms violation","Invoice INV2861 appears underbilled by ~$-6.50 versus the model baseline (billed $487.35 vs expected $480.85). Validation signals: usage underbilled, price vs norms violation. Primary model drivers: unit_price (decreased expected charge); quantity (decreased expected charge); usage_ratio (decreased expected charge); unit_price_vs_cust_avg (decreased expected charge); discount_pct (decreased expected charge). Recommended action: verify contract rate/discount application and re-rate usage for this invoice if confirmed."
INV2155,584.82,577.8814663636364,-6.9385336363636725,-0.0337621241130854,2.0,False,False,True,True,True,unit_price|quantity|unit_price_vs_cust_avg|usage_ratio|discount_pct,-924.769714|-509.479401|-179.159164|-103.081940|-42.840321,"usage underbilled, price vs norms violation","Invoice INV2155 appears underbilled by ~$-6.94 versus the model baseline (billed $584.82 vs expected $577.88). Validation signals: usage underbilled, price vs norms violation. Primary model drivers: unit_price (decreased expected charge); quantity (decreased expected charge); unit_price_vs_cust_avg (decreased expected charge); usage_ratio (decreased expected charge); discount_pct (decreased expected charge). Recommended action: verify contract rate/discount application and re-rate usage for this invoice if confirmed."
INV1764,935.28,928.174315,-7.105684999999994,-0.0254195277456935,2.0,False,False,True,True,True,unit_price|quantity|unit_price_vs_cust_avg|discount_pct|cust_avg_unit_price,-871.667480|-246.465561|-191.794235|-109.611382|26.748260,"usage underbilled, price vs norms violation","Invoice INV1764 appears underbilled by ~$-7.11 versus the model baseline (billed $935.28 vs expected $928.17). Validation signals: usage underbilled, price vs norms violation. Primary model drivers: unit_price (decreased expected charge); quantity (decreased expected charge); unit_price_vs_cust_avg (decreased expected charge); discount_pct (decreased expected charge); cust_avg_unit_price (increased expected charge). Recommended action: verify contract rate/discount application and re-rate usage for this invoice if confirmed."
INV1926,1261.49,1252.49898,-8.991019999999935,-0.0331383069348525,2.0,False,False,True,True,True,unit_price|quantity|unit_price_vs_cust_avg|discount_pct|usage_ratio,-1290.006592|502.220154|-238.572723|-118.985497|60.024975,"usage underbilled, price vs norms violation","Invoice INV1926 appears underbilled by ~$-8.99 versus the model baseline (billed $1,261.49 vs expected $1,252.50). Validation signals: usage underbilled, price vs norms violation. Primary model drivers: unit_price (decreased expected charge); quantity (increased expected charge); unit_price_vs_cust_avg (decreased expected charge); discount_pct (decreased expected charge); usage_ratio (increased expected charge). Recommended action: verify contract rate/discount application and re-rate usage for this invoice if confirmed."
INV230,582.34,571.4811971428571,-10.858802857142903,-0.0589920431524888,2.0,False,False,True,True,True,quantity|unit_price|usage_ratio|discount_pct|unit_price_vs_cust_avg,-679.463806|-671.810974|-165.569199|-138.143677|-115.840462,"usage underbilled, price vs norms violation","Invoice INV230 appears underbilled by ~$-10.86 versus the model baseline (billed $582.34 vs expected $571.48). Validation signals: usage underbilled, price vs norms violation. Primary model drivers: quantity (decreased expected charge); unit_price (decreased expected charge); usage_ratio (decreased expected charge); discount_pct (decreased expected charge); unit_price_vs_cust_avg (decreased expected charge). Recommended action: verify contract rate/discount application and re-rate usage for this invoice if confirmed."
INV2537,1072.17,1061.2045636363637,-10.9654363636364,-0.02653765976641,2.0,False,False,True,True,True,unit_price|unit_price_vs_cust_avg|quantity|usage_ratio|discount_pct,-1229.086182|-228.327011|195.604187|51.430344|-34.777554,"usage underbilled, price vs norms violation","Invoice INV2537 appears underbilled by ~$-10.97 versus the model baseline (billed $1,072.17 vs expected $1,061.20). Validation signals: usage underbilled, price vs norms violation. Primary model drivers: unit_price (decreased expected charge); unit_price_vs_cust_avg (decreased expected charge); quantity (increased expected charge); usage_ratio (increased expected charge); discount_pct (decreased expected charge). Recommended action: verify contract rate/discount application and re-rate usage for this invoice if confirmed."
INV918,1101.27,1088.3925571428572,-12.877442857142796,-0.0234385652821774,2.0,False,False,True,True,True,unit_price|discount_pct|unit_price_vs_cust_avg|usage_ratio|usage_gap,-901.505676|-178.596283|-145.852127|56.274788|-46.852718,"usage underbilled, price vs norms violation","Invoice INV918 appears underbilled by ~$-12.88 versus the model baseline (billed $1,101.27 vs expected $1,088.39). Validation signals: usage underbilled, price vs norms violation. Primary model drivers: unit_price (decreased expected charge); discount_pct (decreased expected charge); unit_price_vs_cust_avg (decreased expected charge); usage_ratio (increased expected charge); usage_gap (decreased expected charge). Recommended action: verify contract rate/discount application and re-rate usage for this invoice if confirmed."
